"Dato";"Åbning";"Høj";"Lav";"Luk";"Volumen";"Markedsværdi";"Ændring, %"
"2025-03-01";"16081.11";"16394.1";"15399.37";"15935.94";"132.89B";"1.92T";"-0.99"
"2025-03-02";"15936.01";"18330.51";"15610.02";"18097.15";"111.54B";"2.18T";"+13.56"
"2025-03-03";"17932.04";"17970.78";"14939.64";"15303.53";"294.59B";"1.85T";"-15.44"
"2025-03-04";"15122.44";"15635.15";"14025.95";"15280.7";"244.05B";"1.84T";"-0.15"
"2025-03-05";"15010.06";"15715.18";"14896.21";"15494.54";"185.41B";"1.87T";"+1.40"
"2025-03-06";"15479.52";"16020.92";"15032.8";"15207.51";"126.26B";"1.83T";"-1.85"
"2025-03-07";"15148.78";"15535.79";"14458.21";"14731.85";"139.38B";"1.78T";"-3.13"
"2025-03-08";"14744.7";"15387.27";"14493.13";"15171.43";"106.41B";"1.83T";"+2.98"
"2025-03-09";"15171.36";"15229.4";"13698.61";"13910.32";"71.02B";"1.68T";"-8.31"
"2025-03-10";"13911.67";"14820.35";"12462.82";"12842.15";"199.62B";"1.55T";"-7.68"
"2025-03-11";"12740.01";"13410.03";"11982.96";"13138.37";"275.98B";"1.58T";"+2.31"
"2025-03-12";"13176.2";"13426.78";"12534.31";"13071.93";"160.74B";"1.58T";"-0.51"
"2025-03-13";"13123.84";"13226.24";"12529.68";"12823.9";"122.39B";"1.55T";"-1.90"
"2025-03-14";"12783.07";"13338.72";"12760.58";"13105.7";"96.13B";"1.58T";"+2.20"
"2025-03-15";"13111.17";"13423.58";"13057.06";"13286.27";"56.52B";"1.60T";"+1.38"
"2025-03-16";"13286.34";"13311.65";"12759.6";"12942.18";"53.61B";"1.56T";"-2.59"
"2025-03-17";"12891.86";"13338.6";"12843.84";"13160.36";"74.72B";"1.59T";"+1.69"
"2025-03-18";"13126.39";"13193.85";"12758.48";"13162.09";"69.32B";"1.59T";"+0.01"
"2025-03-19";"13220.23";"14167.22";"13193.13";"14072.5";"105.24B";"1.70T";"+6.92"
"2025-03-20";"14132.26";"14213.71";"13418.24";"13635.58";"114.53B";"1.64T";"-3.10"
"2025-03-21";"13680.22";"13769.45";"13358.24";"13555.81";"74.84B";"1.64T";"-0.59"
"2025-03-22";"13557.51";"13839.39";"13547.86";"13660.62";"51.01B";"1.65T";"+0.77"
"2025-03-23";"13660.55";"13936.84";"13633.86";"13835.11";"47.95B";"1.67T";"+1.28"
"2025-03-24";"13853.97";"14531.61";"13658.38";"14373.39";"91.52B";"1.73T";"+3.89"
"2025-03-25";"14384.84";"14498.88";"14079.89";"14280.82";"82.01B";"1.72T";"-0.64"
"2025-03-26";"14337.08";"14427.64";"13750.32";"13944.06";"82.72B";"1.68T";"-2.36"
"2025-03-27";"13889.6";"14082.17";"13734.36";"13849.1";"86.15B";"1.67T";"-0.68"
"2025-03-28";"13809.89";"13894.39";"12819.68";"13074";"122.04B";"1.58T";"-5.60"
"2025-03-29";"13069.83";"13184.9";"12382.89";"12595.65";"78.72B";"1.52T";"-3.66"
"2025-03-30";"12595.72";"12739.86";"12179.56";"12455.51";"71.57B";"1.50T";"-1.11"
"2025-03-31";"12471.6";"12792.26";"12257.8";"12572.94";"111.63B";"1.52T";"+0.94"
"2025-04-01";"12603.56";"13332.97";"12572.09";"13174.46";"103.72B";"1.59T";"+4.78"
"2025-04-02";"13100.17";"13457.9";"12251.23";"12345.37";"92.92B";"1.49T";"-6.29"
"2025-04-03";"12146.75";"12485.4";"11840.85";"12295.74";"173.97B";"1.48T";"-0.40"
"2025-04-04";"12392.96";"12518.79";"11993.94";"12390.51";"115.22B";"1.50T";"+0.77"
"2025-04-05";"12368.77";"12439.64";"12011.44";"12294.77";"62.61B";"1.48T";"-0.77"
"2025-04-06";"12294.84";"12369.59";"10466.84";"10761.34";"53.52B";"1.30T";"-12.47"
"2025-04-07";"10815.47";"11213.87";"9653.99";"10625.74";"364.95B";"1.28T";"-1.26"
"2025-04-08";"10583.5";"11030.75";"9822.03";"10040.85";"140.39B";"1.21T";"-5.50"
"2025-04-09";"10044.53";"11514.25";"9442.16";"11381.38";"208.48B";"1.37T";"+13.35"
"2025-04-10";"11129.96";"11132.22";"9806.7";"10148.23";"198.98B";"1.22T";"-10.83"
"2025-04-11";"10007.36";"10462.48";"9891.59";"10300.63";"116.38B";"1.24T";"+1.50"
"2025-04-12";"10295.77";"10970.88";"10159.16";"10803.91";"82.77B";"1.30T";"+4.89"
"2025-04-13";"10803.97";"10840.51";"10263.97";"10498.88";"79.84B";"1.27T";"-2.82"
"2025-04-14";"10508.15";"11124.66";"10493.68";"10679.21";"113.11B";"1.29T";"+1.72"
"2025-04-15";"10744.39";"10992.06";"10475.35";"10512.8";"89.26B";"1.27T";"-1.56"
"2025-04-16";"10406.28";"10569.31";"10074.2";"10330.11";"81.81B";"1.25T";"-1.74"
"2025-04-17";"10358.56";"10620.03";"10266.94";"10401.06";"84.39B";"1.26T";"+0.69"
"2025-04-18";"10372.46";"10483.87";"10306.37";"10405.01";"64.69B";"1.26T";"+0.04"
"2025-04-19";"10403.58";"10686.56";"10380.07";"10565.14";"40.10B";"1.28T";"+1.54"
"2025-04-20";"10565.08";"10603.91";"10252.89";"10395.46";"49.99B";"1.25T";"-1.61"
"2025-04-21";"10289.43";"10752.18";"10138.46";"10238.93";"84.82B";"1.24T";"-1.51"
"2025-04-22";"10320.28";"11616.74";"10043.84";"11474.7";"135.92B";"1.39T";"+12.07"
"2025-04-23";"11777.98";"12058.43";"11602.16";"11820.58";"169.16B";"1.43T";"+3.01"
"2025-04-24";"11824.37";"11877.55";"11370.56";"11660.95";"99.62B";"1.41T";"-1.35"
"2025-04-25";"11615.45";"11992.34";"11424.24";"11720.8";"106.75B";"1.41T";"+0.51"
"2025-04-26";"11726.45";"12057.56";"11688.95";"11958.77";"89.14B";"1.44T";"+2.03"
"2025-04-27";"11967.94";"12208.5";"11711.81";"11773.52";"69.21B";"1.42T";"-1.55"
"2025-04-28";"11738.92";"11969.47";"11458.37";"11791.35";"90.02B";"1.42T";"+0.15"
"2025-04-29";"11817.58";"12100.63";"11690.14";"11803.99";"108.91B";"1.43T";"+0.11"
"2025-04-30";"11843.07";"11968.17";"11407.57";"11815.41";"93.47B";"1.43T";"+0.10"
"2025-05-01";"11850.99";"12376.6";"11843.72";"12144.94";"106.85B";"1.47T";"+2.79"
"2025-05-02";"12138.63";"12355.9";"11972.87";"12165.7";"82.77B";"1.47T";"+0.17"
"2025-05-03";"12158.89";"12201.13";"11946.36";"12101.6";"62.39B";"1.46T";"-0.53"
"2025-05-04";"12063.04";"12171.14";"11862.24";"11900.8";"59.56B";"1.44T";"-1.66"
"2025-05-05";"11926.9";"12089.7";"11748.81";"12001.6";"76.18B";"1.45T";"+0.85"
"2025-05-06";"11940.63";"11945.29";"11493.3";"11919.7";"71.02B";"1.44T";"-0.68"
"2025-05-07";"11991.65";"12209.45";"11793.73";"11952.78";"116.38B";"1.44T";"+0.28"
"2025-05-08";"12030.3";"14786.21";"12014.36";"14662.59";"154.95B";"1.77T";"+22.67"
"2025-05-09";"14633.01";"16511.56";"14480.14";"15545.5";"361.55B";"1.88T";"+6.02"
"2025-05-10";"15545.5";"17235.66";"15359.62";"17124.49";"164.92B";"2.07T";"+10.16"
"2025-05-11";"17144.44";"17309.77";"16164.11";"16688.82";"211.34B";"2.01T";"-2.54"
"2025-05-12";"16915.83";"17651.91";"16189.64";"16787.28";"200.27B";"2.03T";"+0.59"
"2025-05-13";"16639.61";"18260.04";"16104.98";"17868.04";"183.63B";"2.16T";"+6.44"
"2025-05-14";"17886.26";"18195.17";"17002.2";"17419.23";"243.09B";"2.10T";"-2.51"
"2025-05-15";"17399.99";"17648.54";"16508.43";"16992.88";"156.35B";"2.05T";"-2.45"
"2025-05-16";"17029.65";"17701.89";"16900.69";"16952.27";"165.35B";"2.05T";"-0.24"
"2025-05-17";"16952.34";"16959.22";"16346.24";"16537.74";"131.77B";"2.00T";"-2.45"
"2025-05-18";"16488.16";"17237.73";"15476.39";"16639.31";"99.55B";"2.01T";"+0.61"
"2025-05-19";"16569.5";"16898.4";"15578.42";"16770.9";"220.82B";"2.02T";"+0.79"
"2025-05-20";"16705.44";"17105.15";"16138.89";"16679.34";"161.83B";"2.01T";"-0.55"
"2025-05-21";"16619.27";"17223.41";"16145.28";"16795.72";"160.15B";"2.03T";"+0.70"
"2025-05-22";"16861.09";"17799.59";"16820.31";"17613.39";"245.39B";"2.13T";"+4.87"
"2025-05-23";"17489.04";"17944.51";"16396.12";"16581.19";"199.93B";"2.00T";"-5.86"
"2025-05-24";"16581.13";"16905.07";"16506.24";"16606.79";"99.38B";"2.00T";"+0.15"
"2025-05-25";"16557.26";"16713.32";"16116.17";"16693.42";"81.80B";"2.02T";"+0.52"
"2025-05-26";"16706.15";"17019.03";"16540.09";"16787.88";"83.06B";"2.03T";"+0.57"
"2025-05-27";"16871.97";"17850.31";"16515.01";"17511.06";"145.92B";"2.11T";"+4.31"
"2025-05-28";"17569.86";"17756.93";"17224.45";"17372.36";"138.50B";"2.10T";"-0.79"
"2025-05-29";"17903.71";"17920.51";"17181.75";"17262.71";"181.87B";"2.08T";"-0.63"
"2025-05-30";"17293.5";"17410.74";"16478.3";"16635.97";"147.51B";"2.01T";"-3.63"
"2025-05-31";"16635.02";"16759.81";"16266.88";"16613.4";"132.82B";"2.01T";"-0.14"
"2025-06-01";"16582.53";"16711.95";"16192.25";"16655.67";"77.15B";"2.01T";"+0.25"
"2025-06-02";"16550";"17044.05";"16131.56";"16994.58";"92.75B";"2.05T";"+2.03"
"2025-06-03";"17098.94";"17413.45";"16886.34";"17006.74";"128.10B";"2.05T";"+0.07"
"2025-06-04";"16934.32";"17499.35";"16870";"17027.89";"113.89B";"2.06T";"+0.12"
"2025-06-05";"16991.9";"17208.11";"15584.3";"15729.93";"123.10B";"1.90T";"-7.62"
"2025-06-06";"15798.55";"16566.49";"15585.66";"16204.84";"177.49B";"1.96T";"+3.02"
"2025-06-07";"16203.6";"16650.29";"16078.61";"16521.18";"84.07B";"1.99T";"+1.95"
"2025-06-08";"16527.38";"16684.43";"16304.41";"16430.43";"73.53B";"1.98T";"-0.55"
"2025-06-09";"16390.01";"17592.56";"16180.32";"17502.05";"106.24B";"2.11T";"+6.52"
"2025-06-10";"17492.94";"18451.55";"17332.9";"18382.36";"216.36B";"2.22T";"+5.03"
"2025-06-11";"18286.67";"18694.49";"17814.89";"17995.79";"202.22B";"2.17T";"-2.10"
"2025-06-12";"17842.73";"17927.9";"16842.57";"17012.59";"173.97B";"2.05T";"-5.46"
"2025-06-13";"17057.39";"17075.4";"15729.8";"16647.72";"267.11B";"2.01T";"-2.14"
"2025-06-14";"16647.72";"16649.27";"16063.77";"16335.12";"99.81B";"1.97T";"-1.88"
"2025-06-15";"16365.12";"16550.97";"16114.42";"16474.02";"84.51B";"1.99T";"+0.85"
"2025-06-16";"16434.44";"17290.61";"16223.05";"16412.19";"137.96B";"1.98T";"-0.38"
"2025-06-17";"16524.13";"17007.55";"15937.19";"16301.87";"168.28B";"1.97T";"-0.67"
"2025-06-18";"16302.63";"16552.5";"16015.73";"16400.38";"149.27B";"1.98T";"+0.60"
"2025-06-19";"16379.42";"16521.55";"16120.14";"16354.25";"99.78B";"1.97T";"-0.28"
"2025-06-20";"16318.77";"16628.62";"15323.45";"15576.73";"94.46B";"1.88T";"-4.75"
"2025-06-21";"15576.73";"15850.59";"14343.72";"14859.8";"121.05B";"1.79T";"-4.60"
"2025-06-22";"14901.17";"15022.94";"13707.96";"14459.67";"185.37B";"1.75T";"-2.69"
"2025-06-23";"14352.4";"15711.68";"14096.63";"15537.6";"137.44B";"1.88T";"+7.45"
"2025-06-24";"15496.84";"15949.09";"15268.41";"15733.25";"164.79B";"1.90T";"+1.26"
"2025-06-25";"15665.49";"15794.93";"15289.48";"15473.74";"117.19B";"1.87T";"-1.65"
"2025-06-26";"15420.36";"16073.39";"15266.18";"15404.16";"109.57B";"1.86T";"-0.45"
"2025-06-27";"15373.91";"15676.69";"15161.18";"15419.79";"92.47B";"1.86T";"+0.10"
"2025-06-28";"15419.79";"15576.53";"15309.32";"15499.02";"64.62B";"1.87T";"+0.51"
"2025-06-29";"15502.53";"16071.42";"15352.19";"15912.87";"60.84B";"1.92T";"+2.67"
"2025-06-30";"15822.57";"15975.79";"15385.31";"15730.04";"102.32B";"1.90T";"-1.15"
"2025-07-01";"15706.43";"15803.31";"15081.14";"15197.98";"108.37B";"1.83T";"-3.38"
"2025-07-02";"15207.6";"16562.49";"15005.19";"16253.47";"100.14B";"1.96T";"+6.94"
"2025-07-03";"16310.28";"16723.3";"16219.6";"16442.52";"177.94B";"1.98T";"+1.16"
"2025-07-04";"16411.49";"16486.92";"15670.35";"15884.42";"95.95B";"1.92T";"-3.39"
"2025-07-05";"15884.42";"16022.3";"15757.18";"15937.43";"75.88B";"1.92T";"+0.33"
"2025-07-06";"15935.48";"16496.42";"15853.66";"16277";"69.14B";"1.96T";"+2.13"
"2025-07-07";"16376.47";"16505.3";"16004.71";"16197.69";"108.95B";"1.96T";"-0.49"
"2025-07-08";"16175.64";"16722.25";"16056.59";"16639.79";"111.99B";"2.01T";"+2.73"
"2025-07-09";"16642.4";"17790.97";"16480.32";"17619.15";"128.15B";"2.13T";"+5.89"
"2025-07-10";"17653.76";"19128.3";"17569.34";"18817.72";"187.22B";"2.27T";"+6.80"
"2025-07-11";"18834.54";"19401.63";"18594.97";"18878.77";"275.27B";"2.28T";"+0.32"
"2025-07-12";"18878.7";"19016.36";"18531.79";"18783.42";"149.86B";"2.27T";"-0.51"
"2025-07-13";"18775.16";"19266.47";"18731.78";"18958.49";"96.26B";"2.29T";"+0.93"
"2025-07-14";"19015.64";"19725.65";"18956.65";"19281.74";"213.22B";"2.33T";"+1.71"
"2025-07-15";"19382.64";"20222.17";"18860.7";"20181.97";"205.08B";"2.44T";"+4.67"
"2025-07-16";"20112.68";"21952.88";"19876.17";"21609";"246.75B";"2.61T";"+7.07"
"2025-07-17";"21698.01";"22676.86";"21308.12";"22377.14";"338.57B";"2.70T";"+3.55"
"2025-07-18";"22320.14";"23584.55";"22203.31";"22769.77";"380.34B";"2.75T";"+1.75"
"2025-07-19";"22769.77";"23163.81";"22512.15";"23059.23";"220.00B";"2.78T";"+1.27"
"2025-07-20";"23071.95";"24565.72";"22989.29";"24129.78";"231.35B";"2.91T";"+4.64"
"2025-07-21";"23969.94";"24629.12";"23614.66";"24005.92";"290.04B";"2.90T";"-0.51"
"2025-07-22";"23888.1";"24118.77";"22962.5";"23785.81";"300.49B";"2.87T";"-0.92"
"2025-07-23";"23744.23";"23858.25";"22354.83";"22996.83";"236.95B";"2.78T";"-3.32"
"2025-07-24";"23046.9";"23953.39";"22250.1";"23546.48";"269.59B";"2.84T";"+2.39"
"2025-07-25";"23555.81";"23810.31";"22709.46";"23670.26";"279.39B";"2.86T";"+0.53"
"2025-07-26";"23663.99";"24096.17";"23490.49";"23766.46";"172.90B";"2.87T";"+0.41"
"2025-07-27";"23725.45";"24605.12";"23661.33";"24556.16";"161.44B";"2.96T";"+3.32"
"2025-07-28";"24924.77";"25368.22";"24164.5";"24454.16";"237.05B";"2.95T";"-0.42"
"2025-07-29";"24551.8";"25116.9";"24015.65";"24518.13";"224.29B";"2.96T";"+0.26"
"2025-07-30";"24817.08";"25080.31";"24057.35";"24923.12";"214.68B";"3.01T";"+1.65"
"2025-07-31";"24905.97";"25354.87";"24084.47";"24176.38";"224.72B";"2.92T";"-3.00"
"2025-08-01";"23808.02";"23973.01";"22091.55";"22454.94";"269.06B";"2.71T";"-7.12"
"2025-08-02";"22455";"22773.53";"21683.03";"21848.15";"212.16B";"2.64T";"-2.70"
"2025-08-03";"21915.76";"22741.33";"21659.66";"22579.57";"183.04B";"2.73T";"+3.35"
"2025-08-04";"22540.75";"24087.71";"22501.94";"23986.25";"161.06B";"2.90T";"+6.23"
"2025-08-05";"23985.5";"23993.56";"22857.52";"23282.95";"210.45B";"2.81T";"-2.93"
"2025-08-06";"23118.31";"23672.52";"22812.24";"23574.66";"169.41B";"2.85T";"+1.25"
"2025-08-07";"23566.55";"25130.66";"23338.27";"25018.95";"219.81B";"3.02T";"+6.13"
"2025-08-08";"25065.02";"26095.11";"24870.8";"25700.9";"268.13B";"3.10T";"+2.73"
"2025-08-09";"25700.96";"27730.94";"25682.5";"27310.57";"298.30B";"3.30T";"+6.26"
"2025-08-10";"27294.49";"27755.55";"26605.44";"27230.04";"259.97B";"3.29T";"-0.29"
"2025-08-11";"27309.13";"28053.63";"26770.66";"27133.34";"274.63B";"3.28T";"-0.36"
"2025-08-12";"26985.95";"29647.22";"26959.24";"29332.96";"312.32B";"3.54T";"+8.11"
"2025-08-13";"29264.11";"30496.57";"29097.15";"30276.31";"421.30B";"3.65T";"+3.22"
"2025-08-14";"30430.25";"30678.15";"28521.01";"29132.97";"484.47B";"3.52T";"-3.78"
"2025-08-15";"28983.47";"29785.56";"27843.47";"28299.05";"368.20B";"3.42T";"-2.86"
"2025-08-16";"28299.05";"28623.82";"27872.41";"28187.62";"258.84B";"3.40T";"-0.39"
"2025-08-17";"28197.9";"29179.92";"28019.22";"28518.84";"174.23B";"3.44T";"+1.18"
"2025-08-18";"28622.53";"28683.58";"27045.08";"27602.7";"337.24B";"3.33T";"-3.21"
"2025-08-19";"27640.66";"27909.89";"26066.36";"26119.23";"298.43B";"3.15T";"-5.37"
"2025-08-20";"26106.13";"28043.28";"26006.33";"27775.27";"330.98B";"3.35T";"+6.34"
"2025-08-21";"27888.88";"27915.25";"27040.15";"27175.86";"261.79B";"3.28T";"-2.16"
"2025-08-22";"26904.6";"31121.73";"26790.56";"30768.21";"344.06B";"3.71T";"+13.22"
"2025-08-23";"30771.59";"30771.59";"29673.9";"30429.81";"384.56B";"3.67T";"-1.10"
"2025-08-24";"30478.69";"31616.47";"30048.78";"30489.85";"190.63B";"3.68T";"+0.20"
"2025-08-25";"30707.68";"30822.16";"27842.45";"28112.58";"439.83B";"3.39T";"-7.80"
"2025-08-26";"28058.69";"29708.36";"27641.1";"29497.86";"380.00B";"3.56T";"+4.93"
"2025-08-27";"29506.6";"29912.58";"28742.74";"28904.24";"294.16B";"3.49T";"-2.01"
"2025-08-28";"28793.37";"29606.43";"28303.27";"28822.12";"251.85B";"3.48T";"-0.28"
"2025-08-29";"28810.78";"28846.22";"27238.42";"27846.29";"299.41B";"3.36T";"-3.39"
"2025-08-30";"27841.49";"28195.44";"27183.92";"27927.82";"192.87B";"3.37T";"+0.29"
"2025-08-31";"27906.09";"28702.17";"27899.26";"28021.76";"160.45B";"3.38T";"+0.34"
"2025-09-01";"27985.62";"28622.9";"26830.85";"27492.86";"202.96B";"3.32T";"-1.89"
"2025-09-02";"27654.22";"28309.79";"27291.12";"27731.13";"254.92B";"3.35T";"+0.87"
"2025-09-03";"27692.13";"28742.79";"27415.24";"28485.61";"241.30B";"3.44T";"+2.72"
"2025-09-04";"28515.88";"28718.29";"27329.68";"27536.12";"239.27B";"3.32T";"-3.33"
"2025-09-05";"27374.17";"28599.95";"27109.63";"27437.16";"282.48B";"3.31T";"-0.36"
"2025-09-06";"27437.23";"27576.34";"26982.05";"27218.62";"136.16B";"3.29T";"-0.80"
"2025-09-07";"27232.74";"27633.41";"27217.83";"27443.31";"125.03B";"3.31T";"+0.83"
"2025-09-08";"27334.4";"27828.7";"27161.81";"27335.54";"181.67B";"3.30T";"-0.39"
"2025-09-09";"27455.63";"27937.05";"27266.91";"27479.41";"218.01B";"3.32T";"+0.53"
"2025-09-10";"27511.24";"28427.14";"27351.79";"27761.71";"216.79B";"3.35T";"+1.03"
"2025-09-11";"27664.35";"28502.42";"27597.5";"28360.77";"257.86B";"3.42T";"+2.16"
"2025-09-12";"28352.81";"30194.13";"28301.17";"29963.68";"220.99B";"3.62T";"+5.65"
"2025-09-13";"29963.68";"30327.41";"29282.27";"29673.53";"264.19B";"3.58T";"-0.97"
"2025-09-14";"29697.81";"29862.13";"29127.28";"29302.93";"179.91B";"3.54T";"-1.25"
"2025-09-15";"29220.95";"29638.53";"28342.13";"28708.56";"239.49B";"3.47T";"-2.03"
"2025-09-16";"28453.87";"28545.14";"27826.52";"28312.66";"184.75B";"3.42T";"-1.38"
"2025-09-17";"28440.56";"29170.14";"27876.34";"29004.35";"212.57B";"3.50T";"+2.44"
"2025-09-18";"29057.2";"29398.57";"28824.01";"29038.97";"308.63B";"3.51T";"+0.12"
"2025-09-19";"29137.6";"29347.58";"28172.46";"28381.36";"206.11B";"3.43T";"-2.26"
"2025-09-20";"28381.36";"28636.17";"28291.55";"28456.49";"132.28B";"3.43T";"+0.26"
"2025-09-21";"28483";"28595.84";"28245.17";"28257.7";"117.08B";"3.41T";"-0.70"
"2025-09-22";"28106.05";"28174.22";"25779.28";"26551.2";"339.67B";"3.20T";"-6.04"
"2025-09-23";"26523.55";"26712.67";"25988.54";"26303.55";"213.36B";"3.17T";"-0.93"
"2025-09-24";"26477.55";"26748.73";"25902.06";"26404.81";"215.88B";"3.19T";"+0.38"
"2025-09-25";"26566.36";"26619.01";"24405.32";"24785.06";"346.96B";"2.99T";"-6.13"
"2025-09-26";"24705.18";"25941.92";"24662.46";"25711.98";"375.82B";"3.10T";"+3.74"
"2025-09-27";"25711.98";"25755.15";"25334.1";"25623.6";"180.83B";"3.09T";"-0.34"
"2025-09-28";"25589.27";"26394.76";"25255.65";"26377.44";"122.70B";"3.18T";"+2.94"
"2025-09-29";"26364.02";"26960.4";"25982.7";"26828.08";"232.37B";"3.24T";"+1.71"
"2025-09-30";"26813.75";"27004.14";"26031.48";"26368.96";"232.05B";"3.18T";"-1.71"
"2025-10-01";"26373.1";"27711.18";"26232.68";"27663.91";"291.16B";"3.34T";"+4.91"
"2025-10-02";"27706.95";"28782.02";"27609.46";"28575.62";"274.71B";"3.45T";"+3.30"
"2025-10-03";"28508.81";"29190.57";"28150.57";"28690.12";"286.99B";"3.46T";"+0.40"
"2025-10-04";"28690.18";"28722.29";"28226.86";"28526.61";"238.62B";"3.44T";"-0.57"
"2025-10-05";"28589.98";"29424.72";"28461.85";"28763.04";"270.98B";"3.47T";"+0.83"
"2025-10-06";"28775.18";"30187.77";"28609";"29856.82";"253.42B";"3.60T";"+3.80"
"2025-10-07";"30016.61";"30471.47";"28391.52";"28502.2";"315.01B";"3.44T";"-4.54"
"2025-10-08";"28560.46";"29268.74";"28318.89";"29061.46";"300.69B";"3.51T";"+1.96"
"2025-10-09";"29233.44";"29270.9";"27549.73";"28215.24";"290.68B";"3.41T";"-2.91"
"2025-10-10";"28089.88";"28254.12";"22089.45";"24627.78";"279.60B";"2.97T";"-12.71"
"2025-10-11";"24598.29";"24910.32";"23401.11";"24065.63";"714.99B";"2.90T";"-2.28"
"2025-10-12";"24082.33";"26980.46";"23747.72";"26688.59";"311.72B";"3.22T";"+10.90"
"2025-10-13";"26805.52";"27707.44";"26095.41";"27377.23";"383.95B";"3.30T";"+2.58"
"2025-10-14";"27292.05";"27436.98";"25025.99";"26546.57";"383.05B";"3.20T";"-3.03"
"2025-10-15";"26454.1";"27047.89";"25182.58";"25560.12";"360.15B";"3.09T";"-3.72"
"2025-10-16";"25467.25";"26111.85";"24447.63";"24885.14";"279.32B";"3.00T";"-2.64"
"2025-10-17";"24918.57";"25276.56";"23510.92";"24515.92";"406.88B";"2.96T";"-1.48"
"2025-10-18";"24539.35";"25155.15";"24459.23";"24908.45";"202.38B";"3.01T";"+1.60"
"2025-10-19";"24889.36";"25796.44";"24491.56";"25486.96";"188.97B";"3.00T";"+2.32"
"2025-10-20";"25545.06";"26203.93";"25071.38";"25523.51";"215.15B";"3.08T";"+0.14"
"2025-10-21";"25618.22";"26460.18";"24723.47";"24934.7";"266.40B";"3.01T";"-2.31"
"2025-10-22";"24919.53";"25023.95";"23870.51";"24485.16";"309.68B";"2.96T";"-1.80"
"2025-10-23";"24468.8";"25300.36";"24410.99";"24798.45";"268.51B";"2.99T";"+1.28"
"2025-10-24";"24760.66";"25849.42";"24690.42";"25261.93";"236.98B";"3.05T";"+1.87"
"2025-10-25";"25266.26";"25486.76";"25121.91";"25387.87";"120.98B";"3.06T";"+0.50"
"2025-10-26";"25382.51";"26826.76";"25160.84";"26696.32";"148.53B";"3.22T";"+5.15"
"2025-10-27";"26667.79";"27278.68";"26260.83";"26422.11";"254.42B";"3.19T";"-1.03"
"2025-10-28";"26406.93";"26761.94";"25196.68";"25503.49";"212.32B";"3.08T";"-3.48"
"2025-10-29";"25612.06";"25981.96";"24718.54";"25121.6";"218.42B";"3.03T";"-1.50"
"2025-10-30";"25194.26";"25489.51";"23754.77";"24562.24";"286.83B";"2.96T";"-2.23"
"2025-10-31";"24651.51";"25306.78";"24595.86";"24930.36";"253.44B";"3.01T";"+1.50"
"2025-11-01";"24896.56";"25293.75";"24786.57";"25063.29";"152.96B";"3.03T";"+0.53"
"2025-11-02";"25099.31";"25387.31";"24874.73";"25311.83";"125.55B";"3.06T";"+0.99"
"2025-11-03";"25315.81";"25365.77";"23062.22";"23353.9";"265.34B";"2.82T";"-7.74"
"2025-11-04";"23434.33";"23764.01";"19894.51";"21374.37";"363.29B";"2.58T";"-8.48"
"2025-11-05";"21360.89";"22617.77";"20578.54";"22252.75";"462.04B";"2.69T";"+4.11"
"2025-11-06";"22140.77";"22348.78";"20984.43";"21435.03";"232.54B";"2.59T";"-3.67"
"2025-11-07";"21410.5";"22430.02";"20629.42";"22191.39";"269.67B";"2.68T";"+3.53"
"2025-11-08";"22183.42";"22518.88";"21663.96";"21960.49";"210.56B";"2.65T";"-1.04"
"2025-11-09";"21984.74";"23417.9";"21707.79";"23160.73";"170.75B";"2.80T";"+5.47"
"2025-11-10";"23139.83";"23627.5";"22648.04";"23039.03";"215.04B";"2.78T";"-0.53"
"2025-11-11";"22994.79";"23513.1";"21946.77";"22027.46";"256.00B";"2.66T";"-4.39"
"2025-11-12";"22023.36";"23121.58";"21726.24";"22005.06";"205.17B";"2.66T";"-0.10"
"2025-11-13";"21914.16";"22882.71";"20241.26";"20737.44";"260.27B";"2.50T";"-5.76"
"2025-11-14";"20768.53";"20930.22";"19730.28";"20002.77";"370.58B";"2.41T";"-3.54"
"2025-11-15";"19995.61";"20751.14";"19984.56";"20352.05";"156.17B";"2.46T";"+1.75"
"2025-11-16";"20380.56";"20902.51";"19326.29";"19913.61";"142.27B";"2.40T";"-2.15"
"2025-11-17";"19953.79";"20779.52";"19078.16";"19542.18";"253.92B";"2.36T";"-1.87"
"2025-11-18";"19539.75";"20432.55";"18992.64";"20134.18";"327.94B";"2.43T";"+3.03"
"2025-11-19";"20244.06";"20256.31";"18623.77";"19607.83";"201.96B";"2.37T";"-2.61"
"2025-11-20";"19583.02";"19829.83";"18058.9";"18345.06";"253.50B";"2.21T";"-6.44"
"2025-11-21";"18385.8";"18726.51";"17019.36";"17942.35";"385.08B";"2.17T";"-2.20"
"2025-11-22";"17939.09";"18154.1";"17540.01";"17966.72";"161.85B";"2.17T";"+0.14"
"2025-11-23";"17976.94";"18548.29";"17965.07";"18184.87";"119.95B";"2.19T";"+1.21"
"2025-11-24";"18156.32";"19353.97";"17902.58";"19136.13";"164.86B";"2.31T";"+5.23"
"2025-11-25";"19040.15";"19217.05";"18420.86";"19078.7";"177.51B";"2.30T";"-0.30"
"2025-11-26";"19063.9";"19615.59";"18608.65";"19496.8";"127.41B";"2.35T";"+2.19"
"2025-11-27";"19494.98";"19783.62";"19232.3";"19422";"138.86B";"2.34T";"-0.38"
"2025-11-28";"19407.83";"19947.02";"19273.5";"19510.3";"115.18B";"2.35T";"+0.45"
"2025-11-29";"19518.12";"19656.56";"19072.33";"19247.8";"98.80B";"2.32T";"-1.35"
"2025-11-30";"19243.38";"19654.43";"19154.09";"19256.83";"76.64B";"2.32T";"+0.05"
"2025-12-01";"19244.51";"19297.39";"17473.91";"18008.1";"183.16B";"2.17T";"-6.48"
"2025-12-02";"17985.98";"19494.03";"17877.52";"19251.85";"175.50B";"2.32T";"+6.91"
"2025-12-03";"19167.66";"20568.22";"19100.55";"20397.85";"188.52B";"2.46T";"+5.95"
"2025-12-04";"20436.62";"20769.67";"19654.51";"20083.26";"178.66B";"2.42T";"-1.54"
"2025-12-05";"20100.49";"20485.85";"19137.05";"19385.32";"167.65B";"2.34T";"-3.48"
"2025-12-06";"19383.45";"19686.41";"19324.5";"19487.94";"123.06B";"2.35T";"+0.53"
"2025-12-07";"19477.15";"20194.81";"18640.26";"19616.85";"84.02B";"2.37T";"+0.66"
"2025-12-08";"19632.67";"20406.79";"19510.83";"20045.24";"159.97B";"2.42T";"+2.18"
"2025-12-09";"20065.54";"21823.37";"19851.28";"21310.78";"205.77B";"2.57T";"+6.31"
"2025-12-10";"21220.86";"22048.45";"21029.37";"21259.87";"193.89B";"2.57T";"-0.24"
"2025-12-11";"21145.52";"21166.07";"20007.76";"20593.69";"183.55B";"2.49T";"-3.13"
"2025-12-12";"20596.21";"20775.11";"19374.26";"19625.88";"158.85B";"2.37T";"-4.70"
"2025-12-13";"19626.19";"19949.51";"19586.36";"19815.65";"62.88B";"2.39T";"+0.97"
"2025-12-14";"19826.96";"19921.81";"19252.77";"19501.41";"98.01B";"2.35T";"-1.59"
"2025-12-15";"19476.44";"20201.27";"18402.52";"18849.33";"183.09B";"2.28T";"-3.34"
"2025-12-16";"18840.14";"18948.29";"18275.54";"18823.94";"145.50B";"2.27T";"-0.13"
"2025-12-17";"18844.67";"19281.2";"17755.07";"18025.25";"165.81B";"2.18T";"-4.24"
"2025-12-18";"18055.63";"19100.03";"17684.07";"18024.21";"186.64B";"2.18T";"-0.01"
"2025-12-19";"18914.21";"19213.72";"18731.3";"19011.12";"177.73B";"2.29T";"+5.48"
"2025-12-20";"19011.63";"19105.28";"18942.13";"19002.55";"48.66B";"2.29T";"-0.05"
"2025-12-21";"18998.47";"19221.54";"18787.65";"19153.16";"70.53B";"2.31T";"+0.79"
"2025-12-22";"19165.8";"19567.43";"18831.74";"19095.89";"129.39B";"2.30T";"-0.30"
"2025-12-23";"19090.58";"19260.84";"18410";"18780.61";"135.05B";"2.27T";"-1.65"
"2025-12-24";"18781.09";"18849.35";"18310.77";"18681.36";"91.48B";"2.25T";"-0.53"
"2025-12-25";"18664.82";"18818.18";"18331.77";"18407.3";"70.42B";"2.22T";"-1.47"
"2025-12-26";"18393.83";"18982.36";"18351.35";"18579.71";"120.78B";"2.24T";"+0.94"
"2025-12-27";"18588.91";"18786.87";"18513.31";"18713.13";"45.29B";"2.26T";"+0.72"
"2025-12-28";"18721.13";"18777.73";"18566.68";"18723.02";"59.41B";"2.26T";"+0.05"
"2025-12-29";"18716.84";"19400.4";"18490.57";"18644.19";"172.58B";"2.25T";"-0.42"
"2025-12-30";"18635.05";"19097.31";"18523.23";"18907.38";"119.88B";"2.28T";"+1.41"
"2025-12-31";"18892.73";"19204.09";"18817.2";"18878.89";"104.59B";"2.28T";"-0.15"
"2026-01-01";"18880.29";"19136.84";"18879.65";"19094.21";"64.17B";"2.30T";"+1.14"
"2026-01-02";"19096.53";"20052.68";"19002.2";"19920.84";"159.91B";"2.40T";"+4.33"
"2026-01-03";"19919.69";"19992.54";"19609.1";"19932.2";"73.03B";"2.41T";"+0.06"
"2026-01-04";"19940.1";"20155.54";"19881.27";"20068.82";"85.80B";"2.42T";"+0.69"
"2026-01-05";"20075.22";"20801.46";"20060.18";"20568.51";"173.10B";"2.48T";"+2.49"
"2026-01-06";"20578.91";"21109.01";"20331.94";"21074.72";"175.46B";"2.54T";"+2.46"
"2026-01-07";"21047.04";"21067.06";"20016.06";"20287.47";"142.48B";"2.45T";"-3.74"
"2026-01-08";"20274.09";"20364.6";"19581.99";"19911.25";"148.06B";"2.40T";"-1.85"
"2026-01-09";"19918.29";"20195.41";"19644.37";"19831.98";"123.09B";"2.39T";"-0.40"
"2026-01-10";"19822.62";"19932.19";"19765.96";"19819.34";"44.98B";"2.39T";"-0.06"
"2026-01-11";"19812.78";"20210.06";"19804.73";"20070.75";"44.71B";"2.42T";"+1.27"
"2026-01-12";"20039.89";"20322.92";"19618.27";"19827.29";"67.22B";"2.39T";"-1.21"
"2026-01-13";"19816.75";"21456.61";"19814.88";"21345.94";"135.68B";"2.58T";"+7.66"
"2026-01-14";"21380.79";"21782.64";"21046.2";"21523.63";"174.93B";"2.60T";"+0.83"
"2026-01-15";"21508.62";"21786.57";"21043.06";"21359.88";"174.00B";"2.58T";"-0.76"
"2026-01-16";"21357.58";"21415.28";"20971.65";"21229.45";"146.81B";"2.56T";"-0.61"
"2026-01-17";"21229.65";"21440.78";"21156.88";"21326.3";"73.32B";"2.57T";"+0.46"
"2026-01-18";"21313.86";"21720.48";"21087.14";"21109.71";"76.74B";"2.55T";"-1.02"
"2026-01-19";"21043.73";"21076.23";"20311.44";"20473.34";"183.03B";"2.47T";"-3.01"
"2026-01-20";"20459.63";"20541.06";"18687.48";"18727.33";"207.43B";"2.26T";"-8.53"
"2026-01-21";"18758.28";"19618.2";"18299.01";"19085.96";"229.50B";"2.30T";"+1.92"
"2026-01-22";"19110.78";"19416.97";"18508.43";"18759.45";"139.90B";"2.26T";"-1.71"
"2026-01-23";"18767.19";"19128.46";"18399";"18667.87";"142.30B";"2.25T";"-0.49"
"2026-01-24";"18664.33";"18786.94";"18614.01";"18680.6";"52.24B";"2.25T";"+0.07"
"2026-01-25";"18682.61";"18714.18";"17506.97";"17744.44";"137.40B";"2.14T";"-5.01"
"2026-01-26";"17713.61";"18557.33";"17713.61";"18430.45";"184.06B";"2.22T";"+3.87"
"2026-01-27";"18408.42";"18847.14";"18174.1";"18807.14";"173.15B";"2.27T";"+2.04"
"2026-01-28";"18793.75";"18993.87";"18600.12";"18770.95";"135.37B";"2.27T";"-0.19"
"2026-01-29";"18777.56";"18786.79";"17225.44";"17615.96";"228.33B";"2.13T";"-6.15"
"2026-01-30";"17625.31";"17649.32";"16622.57";"17059.54";"260.20B";"2.06T";"-3.16"
"2026-01-31";"17052.63";"17107.36";"14576.77";"15424.73";"297.64B";"1.86T";"-9.58"
"2026-02-01";"15399.41";"15583.1";"14016.19";"14309";"239.95B";"1.73T";"-7.23"
"2026-02-02";"14296.67";"15154.08";"13603.88";"14848.57";"307.13B";"1.79T";"+3.77"
"2026-02-03";"14846.94";"14922.92";"13340.24";"14106.06";"298.06B";"1.70T";"-5.00"
"2026-02-04";"14095.99";"14498.01";"13149.4";"13584.16";"313.21B";"1.64T";"-3.70"
"2026-02-05";"13583.51";"13727.45";"11525.61";"11586.21";"351.02B";"1.40T";"-14.71"
"2026-02-06";"11610.11";"13219.49";"11242.99";"13044.65";"462.87B";"1.57T";"+12.59"
"2026-02-07";"13007.36";"13383.33";"12611.78";"13191.18";"294.90B";"1.59T";"+1.12"
"2026-02-08";"13194.03";"13555.5";"13066.92";"13211.22";"122.47B";"1.59T";"+0.15"
"2026-02-09";"13210.84";"13453.92";"12608.33";"13211.11";"158.08B";"1.59T";"0.00"
"2026-02-10";"13225.31";"13333.11";"12493.53";"12695.07";"163.47B";"1.53T";"-3.91"
"2026-02-11";"12704.2";"12753.74";"11982.16";"12216.97";"144.42B";"1.47T";"-3.77"
"2026-02-12";"12219.92";"12580.69";"11949.57";"12259.77";"130.22B";"1.48T";"+0.35"
"2026-02-13";"12243.89";"13030.46";"12126.75";"12897.82";"131.07B";"1.56T";"+5.20"
"2026-02-14";"12892.23";"13254.79";"12860.64";"13130.19";"107.52B";"1.58T";"+1.80"
"2026-02-15";"13131.26";"13231.9";"12140.89";"12378.53";"161.44B";"1.49T";"-5.72"
"2026-02-16";"12371.86";"12740.98";"12226.33";"12601.32";"141.35B";"1.52T";"+1.80"
"2026-02-17";"12598.23";"12702.55";"12285.5";"12555.34";"127.99B";"1.52T";"-0.36"
"2026-02-18";"12557.27";"12861.1";"12202.18";"12398.83";"122.19B";"1.50T";"-1.25"
"2026-02-19";"12386.71";"12588.02";"12120.37";"12373.42";"120.44B";"1.49T";"-0.20"
"2026-02-20";"12365.36";"12547.33";"12221.59";"12484.03";"135.37B";"1.51T";"+0.89"
"2026-02-21";"12478.73";"12657.91";"12402.04";"12518.09";"80.19B";"1.51T";"+0.27"
"2026-02-22";"12512.25";"12573.72";"12271.03";"12361.55";"59.98B";"1.49T";"-1.25"
"2026-02-23";"12362.96";"12363.47";"11643.32";"11760.91";"138.19B";"1.42T";"-4.86"
"2026-02-24";"11771.59";"11844.31";"11422.81";"11749.31";"123.98B";"1.42T";"-0.10"
"2026-02-25";"11751.64";"13467.86";"11715.69";"13007.31";"146.93B";"1.57T";"+10.71"
"2026-02-26";"12992.31";"13195.68";"12538";"12836.67";"177.46B";"1.55T";"-1.31"
"2026-02-27";"12827.86";"13060.01";"11940.35";"12201.79";"136.45B";"1.47T";"-4.95"
"2026-02-28";"12199.69";"12546.52";"11611.34";"12427.89";"123.97B";"1.50T";"+1.85"
"2026-03-01";"12433.52";"12977.15";"12121.52";"12319.04";"144.55B";"1.49T";"-0.88"
